address,balance,tier
0x11a96ddd7f754267a4241bf2c2ec574c41b766bf,495.8256002669711,tier1
0x319a41a50623b882d31bb0f0a5a1c9e446ec58c8,1276.2921566581206,tier2
0xf57f0a04e9cf4ac11d28027859423666ae2fdf96,432.1512483262405,tier1
0x9b8471160737db8979d6fc955db57133a84629e5,751.7367827706889,tier1
0xa5e67b5196b37e7c10ab50f0ce138f055105e49c,63.10470479769524,tier0
0x805e0dfff2fe1abfca125b5ae23beabd17114b1d,152.10877286167366,tier1
0xb3c33ad4f2ec029b711c64938638d243222f9017,28.761846252888713,tier0
0xb159502119a7c0b739eb1e5b987a8a712addd488,492.7913886275528,tier1
0x57b998ba03e9c0248b8afa9fa60dcf47ca815e44,5.684341886080802e-14,tier0
0x5abc5723d0b9a4e7098f72bc8a2cb5f8ea04fdbe,57.33377304132929,tier0
0xd255a69d3187f9b45b62732d38a03308b57fd4b7,15.287220273557649,tier0
0x95c0c1b5c28a2937466a288a95d531f514507db9,146.61207227334987,tier1
0xb60f9f893c8540f154dada17938d00bcc22e211a,14.301813610242458,tier0
0xb5ece9318223be6f04840bdce1184ba9ab769ecd,93.77909995074143,tier0
0x132a718ee7691c70e8e547f6bb1c3b48d8e42323,1198.0047869897064,tier2
0x5e4d2419acb3f7d5bab3c2c6114b60e43cbf1527,401.0356334833289,tier1
0x7e6c00d18722861cd16a98fde1d6757d27779fe1,3.2759938765871204,tier0
0x83dc5289b4ca01b7cc0389ad8f550cae2799870a,281.4429314782584,tier1
0xd4169feb234bb57f848d31886b26164ac4b8ccce,179.77192492366478,tier1
0x7715d824a98cbfd2b0ee89cb88a946213e0db37a,541.6278083439482,tier1
0x3e87c228980cb709ca06420587c9ce00bcc07cf3,130.82178003085485,tier1
0x38df7a41efc3730b9d526361a1a6e7a743a95b5d,272.2378267087329,tier1
0x5ca702dee0237fe8cbf7d855e3801a05bbe8a1c8,123.21635719543967,tier1
0x3885c54265218d39842b68310f0f5d1c9238be51,113.50790841803041,tier1
0x01b82aa5af6851a2540948b0a5f4f73f131ea14b,-1503.7658166077963,tier0
0xa1360ad9c4da3653e072e1196c85bad604681777,95.0491521609736,tier0
0x2e8812cf29447c52e9e6b136d2ee46c9a34c07f8,21.888988863821144,tier0
0x72eb54528f470c841ff262227e011bd136355346,65.24097975675038,tier0
0x34a836476c781b734b4602469efe7a0de82c4700,52.661347326638406,tier0
0x566994cc0d15be315e18c18e34884e3e1e6151bf,67.46427897433425,tier0
0x0d8fc3c268d403a8941938854e45911c9dcee568,1270.961008823818,tier2
0x509ce767b815f9e9174576f8978a93ec752db881,71.463405645119,tier0
0xf14b486df8285ee482ecca829f6ce8573c1d7c73,5795.763601080484,tier2
0xc288bad2f2ad03e49ac8a532958153ba30e34f6e,73.63334810560458,tier0
0x9e38436b85582a7e1dc184e2e0f2a9f81c1dfa4f,468.2591337633685,tier1
0x987660f8cdc4f4642a12e8847132baefff3e386e,45.31100770927237,tier0
0x30d89a25f2d8bceb183ac0f9b4e00604e9e6f59a,109.9861665863245,tier1
0xcffedefe13ec47f90602c930a4656765e779518d,52.814658569136334,tier0
0xb6d3f44d325c35e8434bf389efd9ee83b19ded54,655.5796761263015,tier1
0xa8fcdb8d1761a5080f52d69b97b71b4520a44e8e,2410.624247685423,tier2
0x1eae10068f496787b5d8b19b4e22f2f9409f37a9,30.0831153090745,tier0
0xb63b34508bcbc617ecb57b7c338282e1180a510a,5581.518718270395,tier2
0xb65ea2d1a46b6f00a444d7ef1075759109663358,479.8173444423112,tier1
0x2ba987ce374cbbdacc546ab67159617a977a1d26,270.66146081447096,tier1
0x04fedfcbbb1db7c8bed4c03afa616c10fd06e835,351.933705683794,tier1
0x1e0fc2984faf60b86702c56943584bcc340defb5,112.8052659299381,tier1
0x63cd2c1491c1a3082b1fb7672cdd2a2eb101a3fa,63.13455350872371,tier0
0x20a6f2a053e330ce13c6d514fe68f6288aae0df8,4115.558571195565,tier2
0x37f64e360df762846ad1d8a3e34795bedb35756b,148.99269497642948,tier1
0x164d1d41a6e485f122c22169ea821e985089c29e,297.9576026871559,tier1
0x2410fc8bd069edf114a2638766450541e8a0715b,1017.0052357577879,tier2
0x55abdcab172aab430d9112b356ccb6be952359d0,25.210886691051176,tier0
0x4a58e81c46eba4559c7b08c8582d57a2f5af9fdd,74.60864593666831,tier0
0x3e6efe606fa13be60494b61bab96cfc9b6cac8be,122.96334072608929,tier1
0xe58b5dc12bd7744db6e2f8258b98ab414d1ed1f5,1467.0605516036314,tier2
0x02b3ef539283e33379aa96cbf66ed30afc8eff90,137.84925365385683,tier1
0x85806171799c4dc0c3c30ff30665a9c2c12d5e6c,223.76556095350378,tier1
0xcd43526982380de2eca26d8de21e93bf2f117fe8,388.32482163140577,tier1
0xf6ddadc0075b34783cb2cf48a9759268411be47f,202.4783403186936,tier1
0x543c00ad88c82255a943998f8104ea0eed47aa9d,186.10967194223113,tier1
0x1ad06acfff27af0ae68da305d17c8773fff0ba4a,1035.9999289884004,tier2
0x2002eb77f8e9199b2f04988c0419438641685a13,253.11554600696948,tier1
0x9f1d74fd78dc501670cfc525524222c2fe56d770,5913.200691906753,tier2
0xa8feefb390a5a6e19359ae6b94d32bf462669cc9,71.84120928396294,tier0
0xe35e4f245e4e82a1a06069c0651c958b98beb063,11.68258261840963,tier0
0x520ba40f9debd6ee43199c86e0184608962f72de,192.16334244173416,tier1
0xbeb5fdc437ae84e5dc94c0404fb038e2a4a4b10d,222.52268877272667,tier1
0x683cf28faa529d2d80830b7368cc8629e89da544,33.48224664445127,tier0
0xcd6a8c8c2ad57c915e52eff10289bd347934c627,3007.918098950546,tier2
0x7e6d4318e48edf787ec4d0a231ba2850bc4dcf01,2049.030610532611,tier2
0x980ff42641c387fb59558c811eb4ae13189dde59,91.95814344206204,tier0
0x5fab584ee11134710e03f813361692bef9c6329a,349.8741787331622,tier1
0x37be3d4baadf69dbb8f308d2072bdd3db115d257,91.850058523731,tier0
0xb372c46ae1f9f5113a9872547266e4c21c118bdc,1061.910460676823,tier2
0xc9bd8d37302bfa4cddb8afad3a03cd187f3f2318,2472.6632550374543,tier2
0x649d8205027da9cc13dae7d1bedd0cdac836acb2,842.9075892139342,tier1
0xc569f03922d06beee3739446134bbd3018b4c17b,600.3335053709047,tier1
0xfcc6d6213af1b37339e2b3322bdfc9843234bd26,215.81285973196827,tier1
0xe031e226e642c23af9eeeed18d5ff3037d4c18da,120.9950082934034,tier1
0xdefc97de484ed149190ec18ea181be40ffcef5b1,47.250896583803744,tier0
0x26b56ce0cf64cce067f0cfb45303ba71f46f3078,211.029776360218,tier1
0x6b57a320f9689bc571b197b8193179d52b930def,49.46817345936082,tier0
0xe84f771db97e20ef4f8e06a6c6061828a4173971,173.12699989174467,tier1
0x6ee4d29fb41786778d7f308d8e434d6417eb6742,312.0271068492732,tier1
0x418169471092be3a83a2c09b519a07c0fca37c82,952.2031595631258,tier1
0x756ea9ae4866b962326d588cdf39d558e671df61,251.93426286509646,tier1
0x207c6fd6d8add9d3328c9df0b05e9d9fb305b820,5408.697350097081,tier2
0x90a4b94bd2a4af33e86b2338b56c7d158696c169,118.29334986241976,tier1
0x43528599308a8242dabfbf31a76b6890ede67112,33.255060013914836,tier0
0x2e00ba946a4bc9e13822c4f79dc68901173362ba,51.05233651775189,tier0
0x88b2c4276ca62c17b495b02d87730058864739d5,137.28749527867203,tier1
0xe3ec374ba46bbed2dbb4e09ea88960120db6df55,47.41993039976993,tier0
0x030b76cbd18fcd31c3c1071436b4cca8e33e7f72,356.3792477834164,tier1
0x24b60c36c0a93eddc2b6c05d2a695a9ae5c21d75,1224.1675682073753,tier2
0xa2527d25d499b10e2ea92ebc9eeb670c8216a238,0,tier0
0x4b64fe72f3ce8c203d54419208b84396af37d900,487.2015043946851,tier1
0xf6a52c59ae28e6ea322331c7fd53843fb40a9609,989.4519405434811,tier1
0x95056124b98e463c8954bfee29469ddd4ef9bcf5,0,tier0
0x545c60ee00fe80e2d00c9ef7e682a68f2f94d4a5,114.94294266699328,tier1
0xe5fcafc8c7e67e259b9f84e4fd10e04bd2534408,296.2247699227246,tier1
0x6dbbc077acd8061c4f9f7dea4ac411223dea2789,133.2001864060012,tier1
0x066aee5ab02171dd7d8e8f9c6ecc290fce29c958,134.1569730534669,tier1
0xbaf7d7bacaaf40fd193b78f874b6cb56d3f68727,0,tier0
0x85c4fe63770e97e68626de688397f064e0e9cf74,79.6639806307661,tier0
0x735fa941dba57f4915fdc9153609e18f3772a164,102.36569663435529,tier1
0xfa5f04f008a82d69b733bd8bdcfcd77ea7f4c1b9,192.86760896738213,tier1
0x172f0200bf622ce8aebf8f2e3f32e9ac01564988,0,tier0
0xdb9b936373f859ce8c580bbc35b0eab89ca9fd70,86.06229253452497,tier0
0x112a2b35cfee6097fcc88cb3db0de114ad2ee2a4,140.0006513025362,tier1
0x3a32afff419bc3a41c68ddf793917cedc6ff9ad4,49.117429077697146,tier0
0x8ffff048b36449a9cc52d42876eb4ebb36ea9a35,1501.9006948112128,tier2
0xa1462ab6905b1d3fa9268699e80ed59413465a1f,2179.367683694296,tier2
0xca4025f63cec0b2b19f251bee7f90b6e79de7ff0,551.339703349782,tier1
0x9de0451903c4e62483ad1d0e6ba22901119b9e66,382.28465749796885,tier1
0x28651ecbbc7e3dbcb9b352e2eed5c9cc1d16baad,1900.8728943246604,tier2
0x561a4d5d24df36020d721aefeb34b890eea5fe5d,1083.0486320528055,tier2
0x1c95339adff320b1d2570bf7f10219c2adcd96f6,10.884189170949561,tier0
0xbf4676a88425962ee2868a8bb7702238b9df12fb,12062.686616173301,tier3
0x1660b40ca4c1aa0436c4d7afc85ab51d1a44da48,2344.5671313225,tier2
0x074cb898ffe7cd71947b96738b626610b543237a,53.9910108996419,tier0
0x51fdb3422b2c33dce1014654a4a745e85c763f3b,229.41807211954554,tier1
0xb0ac8dad91d4e6737c3d963bb815f1b472b11ded,401.66544137040165,tier1
0xbad7482e87d355d1f6298313bf9b045afb8fffc5,67.47228321108626,tier0
0x6e5df261177ec98318b77e37fe268ed8cbc30902,110.35988819459864,tier1
0x81926f557bee9b88265595a6c20e100bcf58e94b,1039.2605698402165,tier2
0x5cffd0455e89911920ff2a6022a97c306fe39aa3,322.72940996107997,tier1
0x6a09936f6e53779fa9691fc4d3838fd6d2332801,314.381051414866,tier1
0x721d669a7703e943d432349cb4f0af3b2de3ddf5,2333.175229971999,tier2
0x11679c147c408c84abd200b4c6125203d618d9f6,289.05426058414287,tier1
0xc70afdff3d94fd559cd3d0dc6fcae210586558f4,43.8892993911507,tier0
0xd85be9d7be77150e8f0bc288c8b2b3f3711db42a,105.55006919197335,tier1
0x86df598b2b573f342b2f76b9b070cc6cad063026,307.72301463606914,tier1
0x657f8da8e08e03b7c448276d791e35e0ad98cac4,696.2082307677312,tier1
0x4b2970b38dceca8ed0f0074b905d4cc6f3dc9f3c,235.94326723058134,tier1
0xc73052af940d76eefa917b25e5fae9c5db89131a,47.88053548611672,tier0
0xece0ddab782270a67208f62db9259423abe21671,180.79681857640674,tier1
0x50a354f9edaa453d59ffe1f88096b3b8225e7afe,88.44613137194466,tier0
0x60f35286dfc7613787da37010fb2e5eaa82578cb,92.21692757098744,tier0
0x7a7713de114950b9f6bad8cd3e3f66d4e7e7c5c4,672.109160621201,tier1
0x1a3ca897cf4ad055ccc1b303335500481c774732,2569.711854884122,tier2
0x7e8d3c6dfd60e5db46bcd65a8e95030290329ca4,867.0345391941385,tier1
0x7bf6ba6f68077adfad4b62f49c4c385110ae861f,118.43051209202001,tier1
0x2b46d5dc5662c016051f493ccfa11636a4ec17f1,25.01111862123912,tier0
0x4f73fef75bfd1cdcae29eec3b8568e12258b2624,148.267394910502,tier1
0x073449e7f3a34b9ad150f0522a47424a9def6850,1442.962644101176,tier2
0xe594516457b98f5ad0cfa630621e1447c4e8e151,512.9895308105271,tier1
0x6586aaaf9ce2ee33c84049bf97702fbba4390dc2,68.66817196368234,tier0
0xb1b527720663c45f248b334b71fd380ac68e4e87,0.8117163650209627,tier0
0x667854aa166533591dd44b635cd26517aae3d3e5,18.200997969279992,tier0
0x6e777e0684841c590ae82df4105252b17e0e48a0,235.66905197265922,tier1
0xcad0a207c41399d0c8d4d57101985f47fa9e5903,742.0938527113011,tier1
0x852fc335b083d20419804895ac949d399f3a598c,178.88374488335057,tier1
0xc57acc11c3eddba790368a523051c5315b846052,80.3365463627761,tier0
0x1125917201ed36700f86c3cecec8c5dafae280d1,523.8231413482926,tier1
0xea62580397c84e5f17e1ada2035b995c593aeeab,815.9262992153018,tier1
0x70665e2cd5d37217bbab84d7d4e9cd22052f88f7,116.41744883898137,tier1
0xf418de60b55f93dfb83e31b73efb2e8807a5f5d8,143.6673257700423,tier1
0x2095d06d7ca0acd670e7432126baa59306f080f8,21.339711616209925,tier0
0xfb9a6bd2737dabf8974a30df338f6335c2ce5df8,143.3901214585843,tier1
0x0d2ef6c54fd78a853684e96e1c840cd62453a9af,173.78263231425802,tier1
0x0810ea1e9daae64d99423b51fdf1af8775d499fd,9541.548028222856,tier2
0x104c6cdb9bfbb967cae86be8405cb96e178e3edb,606.8697793493892,tier1
0x2a9b156a58ff3abee825568668a2f178f142cc04,61.42407096753605,tier0
0x660103e8a4368f54cad0f77bcc12da4bfe830697,610.3231652788653,tier1
0xc3e29c0378b40920e840de8a75ca7772cdfca918,3319.160288103497,tier2
0x5398e61c89d1ff02c1c72286131aa4262e52e21e,46.95506272709718,tier0
0x5eb455623490c984256e714b37fe7eee93e52131,4702.224265088428,tier2
0xb1ba7c7661f8be2b98110cbddd926147c2641fec,57.878789269520304,tier0
0xcf26bcb84a555dbce6e3becab4271ec2248423a7,161.0147022876917,tier1
0x4b460ccc9594082fb8dcbbc43a36a67fd24afa24,157.59643156003804,tier1
0x91e7fc7579538dc5b92d89ac4cc383b86d9e8ef8,416.7160332009007,tier1
0x602fbda816e9c95b03c4aab11dcc572595ced21e,1377.6658065646707,tier2
0xcd46f8810dd264ccf02fd56be284d5ca798f22ea,61.702702489079925,tier0
0xf320a56bb3f53d35593dce745d262219b5d99f56,92.9203861759188,tier0
0xd7d27aad98101227b52d76bfbe5250559770fca3,64.56199573768093,tier0
0xd31ea5e9780e47424c44a5abb15a6a8faae94281,202.16982308303903,tier1
0x4fcd13d97e27817acf9d95e3298ee2017a6c2590,14.876747372784218,tier0
0xe39a7c5ef8ad8d0eace744839188b696625877e8,175.8059160114508,tier1
0x491f5335588215b9b25e1a0728ff6335c07be007,938.4595234662794,tier1
0x82fc114491b84a337eb6abf8ee016095d664efa0,287.03305279602097,tier1
0xf7292345d6d80ca33fd8951ae9a2edb25f09866a,285.59180492199727,tier1
0x495efc160d3345b0cd09172109c20252e90af463,117.69328968121953,tier1
0xbd1848d3b6a892eedf7c4281e4f0c2901dc81f5b,458.0643139423412,tier1
0x96b261989a22cc6b7d70f095044f865419d64747,124.33281178101328,tier1
0x15de5f382e50b94093e4177a1306dfe5cb454b3c,280.9497119716838,tier1
0x9be25bcf7e79c6db6f0471d7303fbc82c1237a3f,84.9515506462935,tier0
0xacb1337bf40e832301606f5bb3c55585786530a3,83.86482616903538,tier0
0xbf1ff9528b44094e8054035f2f3aef5a30cdfcef,603.3477101549105,tier1
0xf9c8278bbc45a3df2b18e0d575c8fcef5d55c793,383.9273481024695,tier1
0x4cb1e7aa0f09c3667be42909598df341033b205c,40.587696971055564,tier0
0x32b2e0076ef16342415b24f3dffb08ce2263421d,1020.8596823056624,tier2
0x890c709be909a4e7b0047ecdd170ae90d7c2bd3a,573.5436653420554,tier1
0xfb164e66f1bed756b95621e3c4d3548a37348461,312.78867319010135,tier1
0x630e6bf52258e16196bf0dcc5d4f3066e505c93d,42.526722962637486,tier0
0xea75c86ab386112940a428263c936c7f062f762b,56.08715378622157,tier0
0x9ad4576de67451422f1a4fbd358c951e036f1891,567.932918843761,tier1
0xd3e59ed4120be6d196e4117b23d3177031add345,1126.3215148156416,tier2
0x677b49166182cd9d9cc3b1923ee82671708e1531,2196.7813253797653,tier2
0x10c721263d452092e335be6076869bf11c8e1c95,222.39782783813115,tier1
0xbd9c45731542e167c920f857b65319b203d8cf40,175.8295448297954,tier1
0xe685a229032263513037b8b2ac908733130c5cab,109.07505162585541,tier1
0x0642b605e8d3a5fb5f883c8a3c655d054a8cb309,4790.963755449696,tier2
0xea53c11fbf846f9e89f86bfc20ca587bb762b42e,964.510494627967,tier1
0xa6c0ac6ea67999a87f27444ac09f7fd74699b31d,76.79082882389639,tier0
0xf07af95a7cd5c0e799a2e47cff78b66924a146e9,1220.645038463134,tier2
0xeb2f8d7591e381d57440edf1470614b5fb55beb5,2088.9391652271142,tier2
0xf4638eca9cb0ff199caeb79f957b5bc057778f17,14.09113469349174,tier0
0x28a4a0fb44315268385f3fe34c97e508e04e137f,103.87112050869452,tier1
0x197f61874cb69b52862df51464a7b2e96838a857,137.53340125021023,tier1
0xbb8652ed4f6ccfc77cc2ac2a771b455781b3ae85,2381.860964821014,tier2
0x4270ad0946d9bf13409c5be2cc00d00ccaa08ff1,184.04849757098836,tier1
0xa47f668bdd746c7a287a344d5ef0d193baa9541c,61.66738214313405,tier0
0xa29101cc48f434f2442ff2e48b050801773c078b,49.73090378017969,tier0
0x00382e748bd82cb2b2d75b515e3b17900dcb10b4,23.886092940621637,tier0
0x6171c39340dcde3727e932b82ea4ca7e1b2b796e,2317.5743399945195,tier2
0x44225435a11362d1f3c17a365b949676608471a3,183.94015339001947,tier1
0x520eda867e249cd4a42f60ad0c75c6c2fa543f31,336.91996301713874,tier1
0x7214e6c1a2fd1798ef17fa59fdc5019100854b95,58.4553662340805,tier0
0x5a51b0a11ca2ea2b216253f635b58bd087555980,195.9757655413484,tier1
0x9e66504a892fa84705c24a4bd41e67b6be581c65,322.10269972616555,tier1
0x87c761312925ab5dd8bfba2c3f5d0e1fd6e40c02,1188.6116403909593,tier2
0xd89047a52fde93c84c2901f3670ff548838d0c95,25.203701704949736,tier0
0x5640da22a129f894e2238ab42edf0908999b9d00,155.6785555418868,tier1
0x447392b79686a69e61d6a7577292a118cdd59d63,236.1374468707312,tier1
0xc336e87b8db92e7f95e4cec75c909e4545e35069,0,tier0
0x4b03ce04cbc34ec2c2707dd8aabd790361af0b50,87.11756137863111,tier0
0x415e6da1b71c55cea737d14ed07b42ad692b5b6e,448.1184226540649,tier1
0x3f07818b4966bef54583428af8eaff97d72abf10,146.95825780296752,tier1
0xaa8fdd731815e001f3bec719bbc1b096deacce5f,126.65620023789228,tier1
0x0cead33eb6adf4860b6b8f66687f51567e111973,3709.003998150977,tier2
0x2175f92208bdd3d2bf467d2f2c259a3fd92ff202,88.6695642989338,tier0
0xf771702a7454859d6600555a3e98a078d5884d29,13.029029680612792,tier0
0x991df4803ae6697286e1d70d5a28a02189cb31da,1590.842377004442,tier2
0x4c4d6f112a24839edf756c5e49c97929e60cb888,164.6988255766899,tier1
0xc7fa7b0256d79d958259d54ea5b0d1c290ac0ed2,164.4273005754282,tier1
0xdbfe849d6d94b19430a8aadaba0ef60d61c70575,162.0720829591701,tier1
0x3102fe43e632e4954558bc6cbc8ff9f566734ae8,48.92775585851591,tier0
0x67103eebb790ed2e1ce99fa4df5b02dcda80239f,524.7264821660941,tier1
0x693a181b4f670b0c5c5679a17f552ca389d76fd0,57.47470524619051,tier0
0x128516a48064e513e8373079102d7daa6de4e6db,155.62526061730046,tier1
0x19b8bc9bb05ca2b44a1ec2b3ea0a991d65d10383,264.0395489274626,tier1
0x42242a8079354233d78c135e5a25f6de462dc80f,614.3754310273788,tier1
0xd01883026a3800daac0b9b8a51c964bb20d27d5a,50.25874334635623,tier0
0x9db04d0acbcdeda449b70209a24303c6fbe44630,131.7797610221041,tier1
0xa99c03b4896362835821aed862b107d196f3dc7c,4940.07333713624,tier2
0x8cc3e636611a0906fe0b9d933a2052eb8fb85a8a,71.71829070985498,tier0
0x011a9c0f690ac6724c5436816026c2c0e215764b,804.8582787319727,tier1
0xcc9c7a0818811a90adab2b903b81fa977467814f,205.79967128763178,tier1
0x27efa189aa08aa6eff27f2ce6d835a051a6195db,663.002337243316,tier1
0x7b66ff240ffcea569ebeacf97c1b126d0cc62fa0,382.49233434381273,tier1
0x43599fdae1438b16856d275fe8899fb8b7216e37,40.78358791335886,tier0
0x7dd05c222cc3a3cb9f23ce0a68ce1e96e23c5447,52.14628985447277,tier0
0xb84520b8db833dfccd4c1d479fece678d33015df,169.98508228412715,tier1
0x40ef15af3bdc7e60a189247d90645b5a14e31bf2,246.75103539428682,tier1
0x949888e126b9ffb62ad432ebee040a3942bec70e,219.1762017344518,tier1
0x4c87033ce06d8bc1a21029d00d1c5ad42d2cce3c,73.06751866819027,tier0
0xd23d0e37ed93574105cf6a507e7894356d49c594,2457.7331293324846,tier2
0x6fa59ff18ddba2ad0efdb7ce65d7b0d993747ef1,151.13746774755137,tier1
0x33b1137d1166ec2409ee4063fb9d20ea3823f6f4,0,tier0
0xc7b61d02dbb092aeac36d6234678e57736ed284b,3402.6540207268135,tier2
0xcfecc60a12326932065114d48378fbc09eabbd46,564.8715857530567,tier1
0x51f5626e36f62c5e82240457a246b2c7174780f9,135.58907104156492,tier1
0x46338df02dbbf358e8bf0c2f0b41e0116834ba52,50.824557837900215,tier0
0x3f4043fa9bf4172e931b5cfffc5106587018c0fc,284.79581378213123,tier1
0xbef1fefe4bb6dda516e9af3a3f793d182cf053bc,689.0058414055985,tier1
0xe9e5820606bfe42eb2ee4db0113adc44000e0392,32.43969034784651,tier0
0x98a5a5a57cc17cccc4a9b57d11714ffdc4e8b19c,1445.4378804311034,tier2
0xc9e9358b4fd98cdc2cc82867fdfca90e43c1fb22,52.69561808678683,tier0
0x4f61b3d3a8e2647736189a58b7e153662f3f06b3,272.9993031332766,tier1
0xa70e6fe4488104be32b9b657f5be7b68afc17f9a,5357.901857878922,tier2
0x157a8be0bdd04b78041d94f6adb4d2bee9314148,10.214609961320024,tier0
0x3fbe4ec1afe2343063b767946041a689a1c36ae1,39.07157426418027,tier0
0x17228b6dc22809851764c5d68ea5496183a276f4,69.50674039272948,tier0
0xa86d39ba90cdab8c77161d0fe6aba5195e111b53,221.3114680883217,tier1
0xeb9b08a27f26ff9be600dd2bc8480b30991ca6d9,57.48758183667194,tier0
0x183ea8f633ec8226fa72cdb7b85f7661ae816843,35.94741198892786,tier0
0x2848c0260581133973343523ed2041ceba8b986e,300.5006797689113,tier1
0xe16e99c39d0d1c7e9756104ad61134e1a13338fa,199.51306445716793,tier1
0x5ef70adbfb3e748bf83178b2c7b58310e9e9c8cb,2964.608792137452,tier2
0x944953a56860ff72089f27f8267c275371aa4dfc,86.42635248134557,tier0
0xed995a15250f82320138b1e647fd2c41baf7c4cd,365.48288805251366,tier1
0x67e1a611e1bf492a1b6dc6c0202ecc7440383acb,22.67986719018905,tier0
0x209440c2a9ce9d6def72b18dc61e910268e67781,141.48619283020537,tier1
0x894a644661bd0e30e745bbd6e4065ab8a4ffa20a,292.53989632692935,tier1
0xd84df1a9858317db112b599be4035a7b5546b23d,62.33022811764616,tier0
0x3d2971207d756177090e1aa7e63aaf7e7c794b1c,1058.6551354925355,tier2
0x8d22f224d795b19268c42cc338dc525699e6ce75,201.4435128450205,tier1
0x6cc45b22d396168c7f06c816918af142a17d7898,69.47014808089932,tier0
0x89c52cd331ee286b92988c0a6cae8e6142345428,20.044194415143675,tier0
0x013ed2e1a3c09578c499a40b98b53c771508fbc0,960.4376736070247,tier1
0x751830d90224b6b4eedf41886778013a8ccaadc1,1368.2408269495452,tier2
0xc1eb95d097993983b629858f45df82b3da5dabbf,154.75993920088376,tier1
0x596075fa44e12faeaaf588c7f339964d618242a1,357.4180906338989,tier1
0x879d83695a31676a593d4732ca9ce2947cb0de38,60.04321103888505,tier0
0xdeb6af1c0bc2cf983ba03b74adda4e360544e156,74.76056793641231,tier0
0x3b7364b384881f9963938aed4f88227ba153cb86,131.00408469489818,tier1
0x5a3fe24ffd5d8736d2f22d5d21757d5bb905c41a,46.29497739947352,tier0
0x18d7b01ad046c41cb4261b997a5189a08bca4a61,73.9793394594391,tier0
0xcaf575e6c5245180af6eb302a480e88f912fbe18,123.52521143636406,tier1
0xaca7e195132ef871793de71c88fc4a275988ee56,41.32382278888579,tier0
0x94a3e4d61fcec7be4e4d9fb37bbb0f650fedcd59,68.38354112157326,tier0
0xa3a1cea564c03f2f74e7a5464ee0c5d1638c28f3,1152.443133418969,tier2
0x0e051dd8605bbd9350e6a3741babbc694cc114df,17.592626678861013,tier0
0x2e711d07547a2e7e902cf2400cdaa4fc457876fa,22.221589079428558,tier0
0x3b604a85507cf79b7ba3c65c9d96c8840e0833ea,41.66547959926055,tier0
0x82e02107657ee7183fb30bb6cb9cae945602d498,901.2471113328863,tier1
0xf519737873bf1c8957464392710427ddd1081608,107.14439508059903,tier1
0x5ed89be4d0f697a49c8533ddc9d13bfa2916c150,21.814247459021658,tier0
0x579c509c0593e4da5ad105c85e0dd0da05ceada0,8.372924976859645,tier0
0xc6683b93caa991e6145c3ba23a71f863c7f21799,380.3036328875565,tier1
0x9636d7ac16adde292f633b62ccc05220aa345382,87.12040567418096,tier0
0x565a69602414fc88c2a719014816d687bb07e265,152.90776052801075,tier1
0xc3fa4f16ca336c8fbaa3713ebbfa137fac3a68a6,4177.251456055802,tier2
0x4992b5eb87cf4b3fda6a1eb50910533297e85933,6662.841358669321,tier2
0x1e3bfefd7d671731d8f1ae1960f5f4ba2239a5c1,297.4810522856604,tier1
0x5a1d6292c6ea1ff35c80700df68336cc09bc8a91,306.00524887584197,tier1
0xc179bea549dcac9a6313b2379a4290a8ee281d09,0,tier0
0xbc2ea065fa1978989ae9187caf8da88fd32aa6a9,3729.923962953871,tier2
0x06925de5ab91efb61407f8acd308e4077454b970,39177.96252779294,tier3
0xeb68ccea4e1068c30f6c8a1cf4754b932f16c0ed,331.3925932618237,tier1
0x8003493ee9c16e1b1a86faa34161bfd81b1719fe,2387.8338248075806,tier2
0x2f101a0da063fb7c465273194b983f32a803f143,329.0398266477695,tier1
0x305f60ff1e01df75cb5737060d4c419d3d3d57f7,22.164480547282405,tier0
0xe32bf9276053a9818f215f82b120c92b424d4afb,1932.5346591123464,tier2
0xd4213205dd3fab675bb8b4aec2c4feb2ec37ee2d,26.850377553456635,tier0
0x1eaab2e19b762d5de6723b4f25b58ee6a80492a4,566.641532247343,tier1
0x5f7f8323af68dcbf3874b70adfc18e32c63742e6,22.821317558732314,tier0
0xca6d31dafb744c096cb156bb8d5534dc4e41a75f,93.60819091017295,tier0
0x2b4a02f0f5ad500e8bc35779ba15e72f086f2084,456.34539228778715,tier1
0xcecd282d2532af095aac16264b5ce215f303547f,34.783838618621694,tier0
0x23306837b4e65fd4ae1f3b5376de0b078d89a89a,185.213681238292,tier1
0x966aed8a268dd247e1f0b61dea2ac5248af4e879,160.20632499884744,tier1
0xfc190f88dd0abeeeb89d23c6e21a84962f931c33,48.55834770073937,tier0
0x0864a46dda986f398b5988f1ca230813c9229f56,13.956097670228237,tier0
0xa6c23e20a2d8ca6764183ca71687de8b690ad546,4048.0796379158983,tier2
0x52581d1ac4a463d10cf78b57637dc72af59882bd,39.417961442516265,tier0
0x447a10c7ee990a0aee3a2eb13255dda38cd40f09,527.3593020878736,tier1
0xde26abaf8ef4fa673d5ab608cbec5448df1aa23d,6.477715696915778,tier0
0x5a8ca6af187d36b2fe8720f19e908cd2fa0b8da4,0,tier0
0xacedd0a9945ca2c2b56cad648de82708108dfa6f,673.889942630418,tier1
0x2c81d6045089639dff559c63bfd40941abbcc51d,350.9234568144192,tier1
0x227ebd6aac2d4fda497c41fe3877ae2dcfaf723a,29.78521385995069,tier0
0xfb939c05a82e75f95ff55e9beffc12df55ce55f8,100.39838256988284,tier1
0xe3d12ea437d1ab29afb438f78eff19824eb0ab2d,241.54729158262992,tier1
0xfdc4d506b2ddaeb7b67bc1566ad692303213ebd9,70.97081519094179,tier0
0xe8d0806fc923b64e6c917ee7f9f7732cd78fabcd,367.5858211854742,tier1
0x84905882ddebed1b79cf96c9509c8527150011e1,54.30590941927372,tier0
0xe6537c05738c6c8e38ddb6d27b17f977440312df,415.02465726750023,tier1
0x416542415a20b4438ff3493725d978d295aafc22,215.41165905630115,tier1
0xd77accd467abe1210181f572a979baffedb28895,52610.00599291484,tier3
0x8e76e4c490899b93cc5a79fb46fec986008bc5c8,22.813421800071442,tier0
0x671771a82b4e47dac3f1ec7683c9c9a372e46b6a,10.699726154486063,tier0
0x3592af155c4ca707455b1736096e9d2beb09f802,149.37867846600187,tier1
0x7443859a5aec1ff42003df65a46b2ae79a8d9003,92.53879568744416,tier0
0x757e0e719f938ca554f6170b37096a279e406619,259.0410936356762,tier1
0x7df1399c5826c4a354c7827aec79f9e2da712ff0,924.7073355593831,tier1
0xe026b0c3f19bd6c9ae9f6224945b4665e3aa8e16,87.8021215331791,tier0
0xa22a734ae8a28ba09455c2ab8d15eda945170743,1423.5917929648933,tier2
0x0bf91f8e89b61b35104dc91d4e0ba92c6e374c26,634.3125023632662,tier1
0x29f933b01c68ee51d40979b229b075849c252ba3,543.3641585707505,tier1
0x8e89beb278a1a9ad80e19548f8d2b65ebcc24e1d,483.20279271286455,tier1
0x5863a2afdf344da52d3b5fcaa933fe4ec391430a,257.3837257043811,tier1
0x73b2fdfe212fc4a5548e9b6cc00dbcee23ae3689,269.44871058898076,tier1
0x37bb9585fc39c06c5df8567557776a81fc26a487,35.1508960561631,tier0
0x1612bdeb70fc50a5fc291e992007e6aa583dc95a,110.11477194356398,tier1
0x7108f3709832692eb6043e549960015a8f68aac0,25.555101535346367,tier0
0xe39718b8d248235ab7f3a7bfd53e0ae441da6a84,18.46001243335226,tier0
0x47fc87b83bbcdbad196b7dd92a7386e45e62fb8e,21.40590916601955,tier0
0x1c31e883e1b09d6be792a453249b309179d3e0ef,301.64206732054754,tier1
0x709302ead3889eac48fd990076820762bfa69866,124.78681320329598,tier1
0x9d3a3b1cc98959b224f91acb7df72c5d6fa0736a,169.24053856642402,tier1
0x7279ba15bfd1f111f745f1583d45cfd5d5366554,67.06086160914015,tier0
0xf4db114ad6f5cbb1679567a56d01bc6acb56e44e,1062.932196050207,tier2
0xf397fcd6e0b1f9c6351fa7adfdbb13c282c4a17a,326.7943482407323,tier1
0x8f749c3b2e02d2cb3a9b2b6291ebb7a505303f35,80.82047170756381,tier0
0xdbb068c51d9cafab9b28af859682dad434652705,135.7982141496074,tier1
0x76499afb85215d2e06e18663f484b50af1ecbb40,451.85010105078436,tier1
0x5dde1af4fb910f055e4be235484fd284fefeb664,99.30080305163737,tier0
0x14db15ba52a0fa2d73178ca84edb7f395d30998c,35488.05625849735,tier3
0xc8427c8a4c45ed909230cf4e9363eef7d5bcb703,472.6644092776825,tier1
0xfb29ace7a0d650969ca940ecfb0d904d13ddc23f,265.4178464830695,tier1
0x0f3d4eaf1f9094ac1b3cf5186617e63f340fbb2e,1801.8974083901223,tier2
0xab139b9c4d20e24c632e94e64ca9ed3d31f6b449,209.27820014854242,tier1
0x3536b3f6beb28415163c814fedf338617a8bce93,1427.714280197742,tier2
0x637f0c13099383d4da99cb737fdb5053c2aecaaf,39.31911704958266,tier0
0x143126fbb0bb6ee0d20dfd3518ce27939ed86f39,90.68626301440041,tier0
0xe62e9c9943617ff8e37242a981480a9faec9ebec,87.8045574689814,tier0
0xb80626701719ac570cc9461b24cb898556840e17,130.5362853415466,tier1
0xf46329c10b0da60cf77a8fa6054dfcff9a5fe236,12.504068881912824,tier0
0x6eb4cfe7be1c5123666da815c75c3a3737f81bab,36.861718495369686,tier0
0x4c9ef721b807f9c689c9adbbbed26022fa9ba3f2,259.6367391201604,tier1
0xd9bd5410ef2ca11e130021b5686ef277d72fa868,9.813834278707759,tier0
0xab921a0d052187c32de0dca9901ca07e1809a369,15.497858812352218,tier0
0x7db98c2dfb39668c99b8fa3fd56f77d68d9572d9,9.256491443957419,tier0
0x43f458cba4561cad6fbb3acc95e719a1e4e50b05,26.38848193941885,tier0
0xbd9bd2e2dfcb8165498810d40ade1bfbf579dfcc,30.245738431447606,tier0
0xec32ff9dd0d6280540ec3160f4bf4daa8c558a78,209.57852981947096,tier1
0x178c9d7b3edb5cd443f5370271724a2143a24635,12098.576323844298,tier3
0x75914ece9c28f11e679c88e0d1698504c51dd7fd,103.93546886864372,tier1
0x0373e68e6607cd8402c97a213f3922cd828199ab,641.6368538843365,tier1
0x5618d8ccd79e7eebd4058e9c2b0f62e00ad353d9,64.83226408052231,tier0
0xbdbda858fd3bafac249f99e8aa4a9d60bc7eef2b,271.29152953108724,tier1
0x99c13cb5f66ad6e221426ac5eed94a227809eb29,586.4052430583333,tier1
0x7090f7e91b858198886eeb1681569ad9636eb2fe,43.589848151698064,tier0
0xad7a74d95eb4db7808c3aaeab132a56a38522189,39.628694236718914,tier0
0xa05391a41611803f392d05e832a9daf97f3bf4b4,383.9980330293162,tier1
0x56464fb27db77a359599761f3aa86263ae55eca9,21.875261081917852,tier0
0x668c3d8f422cc0a52811700b344c3458ac596f1f,264.1405586636267,tier1
0xf78ad17d3edb046eb6149d8ba2cbab110f8a2a77,79.74144941583944,tier0
0x05ad581f200f2b89b4e25e9fbc248ed35ad0191e,97.56249648272684,tier0
0x35c3906f3be5afe942f63d64cb7b87f3702df0ce,37.57965651484477,tier0
0xcf301ee92fefd138efe7412274d0bf1f40f9ea0d,18.86782774142383,tier0
0x1b2eb5b1b98bf11b427f75d084c99b5e9e3ff0fc,122.91380914754724,tier1
0x4f2cc1af9aeca39ed06b7552079da83ce93eada5,33.00489507198703,tier0
0xdaad9d1dcd4509965507ffa8f2206b8a037dd1fd,290.52027376531277,tier1
0x8e2f329c257b6bf5ff5042829d425c17a76f8b5a,438.89789217944707,tier1
0xfe34a45b692b015836faea55b70ff8ea565f2129,828.8224246724541,tier1
0xdd3315531c0b523a3ba889949d97aa9ec81aad9e,42.1046725567897,tier0
0xba100d12d9c7d3d5da695fa59a1afcadbb18fb73,2239.55348002362,tier2
0x09e661d67ef73da50b418420b198b48e73e43738,114.99736467894658,tier1
0x8a9b17f9687edd6bf49807af6461aeebdb437360,55.46829290545122,tier0
0x7bc17f42367cfbe17f9c51d96a4a90f152735420,502.2800114950348,tier1
0xd188de4d9b6eeb0125f043cb6909a205f452fe2a,209.6025225215457,tier1
0xb7f02546f8d001103a241130cba182006cf49d77,38.22431601684507,tier0
0xefa2427a318be3d978aac04436a59f2649d9f7bc,760.6938534695904,tier1
0x386dc6e0a00498b2a04e16f2163867a1c17b3ca3,569.488867955957,tier1
0xff471c27f813d9fcb9b8775f0b591315b57dc85d,852.7308643409143,tier1
0xf69c54bfca52628fe0a15bf48d7ae18738dbd7ee,162.3719429199639,tier1
0x7d4dfb22f1109971042d2de623430b108dd808e2,35.03222958216562,tier0
0x9fb0494dfa95604c230067af1004b7ee6106bf9e,106.3392553806506,tier1
0x67f5975aad8ef28ed30c044c06b56c92703aa8da,467.85074858372485,tier1
0x49b0ddc26b5ee0b63991cef7bdf265fb3d29e5e5,127.89314204195766,tier1
0x6f7c7a9597119372711e317a6f3caf945b3731d7,510.10188596908665,tier1
0x21b645d793979ed43de63f46782d5b5f860454a1,4326.4524876659325,tier2
0xc5eac820e9d5a1f1933ea494b45dc75767cfc6a1,53.0015836766752,tier0
0xa4b55b0934fce65d478740f6246e9c217e6ac44d,55.67339038335006,tier0
0xb0ce8b58266ea41b8d3e2d86db2492e2b66f92a4,128.23710316805074,tier1
0x5deafdcd74d10bf8ca739342f12d8c379edbd4d5,332.77088479087007,tier1
0xc25e95315790d4752566736a9ba1e5f66550046b,47.804798131909294,tier0
0xb75490ab1eb6d684b5f8923582f3582e027c1a4f,426.9231546785266,tier1
0xf3530b0895f6546efab40bdec684c92aa7e331dc,142.9182479091917,tier1
0x5e7749001ad83a690efed6fc74aef3c8562f8bcb,103.09342347571294,tier1
0x382768d8c08990464d42c8c820f1be3c0809668c,105.6480984323176,tier1
0xaf45c7d48e60146e25ccf6e21c58f261b3b18376,479.05952312678306,tier1
0xc18354850912692b9ae43476e95a3e85790488af,250.42235404993738,tier1
0xcb94ab0784628c24b3adb21cba6dfada73cc7335,40.94963809969369,tier0
0x1eff600556533109837d0bb0e27b6f048fa0fb0f,94.09018341643885,tier0
0xed2a5eae978315bc9a437109ce0b0d41fd3364b6,26.13841462777308,tier0
0x2af262707487f651f25e7c0f8f5a8283167fde54,35.448381552072966,tier0
0x88574c86ddcee25c8b44fd95e7ecfc3aab614854,4.195986322441971,tier0
0x33f5200377b345630bd99e7bd9c746e46266fc6a,141.1568068204386,tier1
0x327a40843d36d950a89ea1beec517f54b0515b08,142.98544791709477,tier1
0xc0c0aa66b0cab800b942cb863be8cbb39a578d1d,23.87354479769395,tier0
0xd03846c9c58ba23c8412c7318182d88be89ca511,29.805241205669255,tier0
0x1501590a53bcbc1cae9c0959f6519a1e7fa1f273,55.637955653283626,tier0
0xf2371cc4d4ba78856189cb2fa87c9b8d45d944ba,482.3043701711843,tier1
0xbb43ad94df990fa4983a8808e88d8d01cc64c0ea,724.6717603414693,tier1
0xdad6518a92e18357daa5b1c911f6e336beb54c1f,157.80242241528308,tier1
0xc6d33308102c3406b3c1935f811bdb109ab02c81,1.0898394859109959,tier0
0xc9042e6404e3254dedb2d14d21923216bc809fc0,236.95724244291827,tier1
0x51b02f6ea4bba0afbe10a98c9efa5841b362f029,291.46937883808204,tier1
0xcee9ad488189a34c803fc203f762dbcdfcf7bca3,899.1863662938222,tier1
0x66e1aa2125b255b63f7198f17ca5afcf5e842449,929.8817301413555,tier1
0xa44724ef23a2e223d312c573f47871bb2ea88529,15.077634815965686,tier0
0x717d0a26cc02a71c4d11099e0ece3431a8728585,1490.9919835651033,tier2
0xc6da9641a0f16042c2971f9a6f0bff64cb4c8bac,1016.8245194540614,tier2
0xa3f71127ef3c9cede09d812dc1aed326348b6874,154.93346352769854,tier1
0x64f28699f8870ed164b25dc985f529126a859193,21.723425985177986,tier0
0x14b51dbaeb36bab0465fb45cfca569eb41802735,113.05100122927955,tier1
0x1bbc3c2e674c26264c08bbd8a7911c404d4e3afb,51.149219024141516,tier0
0xb10e9e15aca59c82c7edd5a6f38ff88115fc96ec,69.57640104533334,tier0
0x42d2ba5d094964b5db944ed7f64e6ed8d6743112,5671.091733552658,tier2
0x08d2cd1ce328580f2abe6957cba8a68bf9cb00cc,21.091713102293514,tier0
0x43b24f8688e5e9abde5378f9f905700623a0c100,87.94616332278862,tier0
0xaf0395771050dc50351731d26fdee56b9c9a87af,1892.6024512521924,tier2
0x56c59d27f39e207689477ad122db008ca1a6ad7e,354.5477181562555,tier1
0x33d0b9c370e8ed8736d20d3aa9d4e19e6a46466f,159.62326224974885,tier1
0xab1351702ba5321b5068d2f39e8068ef2bb3ab95,6.7494904388495325,tier0
0x5b217814242e681a9e732687de8eaacd9c24489d,51.23574585035672,tier0
0x233fe1e757ce0275afc2ca446265ec5eea71a133,58.17679220592494,tier0
0x50a1f292896129c6bd6d6188395da00d53e1bc02,247.87475873515447,tier1
0x329594bb84694cc8e953c9a80bf24f2be126769a,28.24359892218734,tier0
0x10a81a55783e0397d609e704b36a92ca355e22b1,234.8018367698335,tier1
0xc1bc833df4cd881f435fe07f44a185c35fc377cf,52.8290293850577,tier0
0x355b6396d9e54b29867dac21882abcaeebadd0e1,52.29943307646064,tier0
0xc4b27ec428d04ec709354e9642d9fd8719e37707,246.6360463275792,tier1
0x6ecaee91c4170b3c877d45ec9a8f00805d1f035b,2292.474844392955,tier2
0x79a07686578d53683120d788a5ad67f01a7814ab,3713.611915922394,tier2
0x41b89a4a18a7b92b05d3d5d2e765cc2258cf0511,0,tier0
0xeab637b6a227d04f00efa2799b3ad9ac2bfc028a,87.0189641952141,tier0
0xca4b1ebf15b7a51732973981f5b34caf8a0f6e75,28.841159527105148,tier0
0x7e13e8355c63e4f91b06032bb5a3daa7da171a20,466.4102891043613,tier1
0xa5029af3c14fcf4a87829f17fa0e1e9ce5eb1c4d,2814.6334378861625,tier2
0x4e53313f575acb89788e455299fe0686cde941e5,1234.249370008611,tier2
0xe8f04e41e293bbf56bcbd6337a3677634ca685a3,93.40704324010395,tier0
0xda5c94825feb00d9397b0496e25b362784c7992e,754.5451738803318,tier1
0x11c55c072560dcd0c93f2f214db48aa0ae57a77d,2118.5319870453254,tier2
0xb932ccddcf904bc9eb8453d17e9f1caf75aa074a,4.354320100559958,tier0
0x65ab6431c41549a3706bfa8b751d2345bd18c3b4,21.919135045881788,tier0
0x0f6d1266adbd8214c6aa5432441726feec0ab433,52.170345594371646,tier0
0xb4df61d2311fa473467d6ab81da3327d6aa0733d,200.54190888198946,tier1
0xa4bc8e38c4d5c547d3786a9460841515b3191da8,219.3433890122442,tier1
0x8b255880e02b0fdfaf43e912544e22b9fdac90f8,61.580352581231985,tier0
0xf672c5c3d181f4ffecee85e9deeeceb2be06ae24,202.74538433107247,tier1
0xf5135183729a29fcfb32f05f0f1af6419fce62ab,477.57006373205536,tier1
0xdcc52ac18296370d6d4d7fc101ec68a805c6f8b2,615.3355322831852,tier1
0xf416b1a7fcbfca59660d316b16239e8844422fe2,45.894715179825994,tier0
0x75f38b2becc42a31b247a7066bb0783fa2515b0f,7.574211036905846,tier0
0xb68f6ee69be8c6c94d40c1883b6b6dc2fd1e7df1,43.808317121236385,tier0
0x963c2eb3f31f756852e8482d4949dbdf6575a05e,212.24483777170562,tier1
0xbbff9835fe64f19e539ace4afb49f67d3f1d47f9,225.12748663400137,tier1
0xc0a98e6477003e2e889a774dd5e75cce6e4d8a68,9.282107821994236,tier0
0xbb235ce05f38a0047f36186739d4bb4f6a1647f7,1829.106831550902,tier2
0xe03659e93fb946a8c374400781fd48764a976d8e,97.85893118752716,tier0
0x50b251a989996601c23a97ec010987a089b4da22,8399.362475709328,tier2
0x264ff3c5d899ec119693270e25023bec002e13f8,152.60816320472875,tier1
0x1d796d77c7e94d6ac0ee0d8963a8ea84dca8d5f6,0,tier0
0xde3c826b9e767468be1f75eef7da458770eaa947,300.777553583785,tier1
0x2b4be7af40955f287092094826ffdd80f9586f64,56.72513332790033,tier0
0xad835b4eae1197121c3aa744d87b439fc6f8646a,81.47039095061012,tier0
0x6c3a63a669df9ea03c9618a191178dc680ae6d80,1626.6438886124652,tier2
0xf6690e294626b6ea244b45da63e57714b09c3a92,96.98870270439183,tier0
0xd99d9aa2995cea75f601a22ddad07a54d3fb9a20,93.44645754920967,tier0
0xff5f3456d59404f607c2628abc01dc4a1f5108c6,41.36744749430252,tier0
0x934eef27feaa29687985b9bfd5b7f7dd2aeedef6,226.36838608042532,tier1
0x3004440f66831b8cbf1738b54f6ba9ab864a00dd,4481.0023686858085,tier2
0xb39abb17cd63d6b7cfe87199a1dd48b97e8be605,341.2028545132716,tier1
0x4302a582b5a3026de30660b2a8193b0bc24a9843,132.17404802742888,tier1
0xdb745bdfd8e86e5f6d725867970ab1e9c2d46278,92.56136636227524,tier0
0xa3134dbd49be0e3d42f2ec936fd87c970d36bc3b,104.66206090863679,tier1
0xb3999f2b6de60eb560557eb1d4bd51761fac72e6,311.7571505617406,tier1
0xcd4369c05799cf5d3d5fbf5b0d5467e640709a80,23.451195836033083,tier0
0x49c37ab3bda01b9b19c80589ad4c2ce56812fae9,493.0098248126013,tier1
0x85426054d6d4e2d706fa36d1f77eb65033853729,49.24051784187699,tier0
0x8a6103fd3a44068ad37ced08f1a9137d92842204,11.192388083672206,tier0
0x113924f890e023186480cd9ae88ecdd123766272,113.24235778737295,tier1
0x571f6ce3de66d6d8620276d4843e6c36d72457e9,139.48007542934275,tier1
0x091bf8e0df743439c4bd01c8be6e84af023cad55,75.42025081031782,tier0
0x0a5f6c4a89af7f9298d494fa401f4f77664301b1,619.1122100437987,tier1
0x3fb58db12e22dcca5b9b181c91cdbba3df8fa433,836.7047049304982,tier1
0x8bf03086eda24dbe2a73964017c8d9cd592de5d0,251.9048308304692,tier1
0x0ab63133503119c012375675e13ebbc2f3df52e6,13.075469030901115,tier0
0x2cef9d39fb97347379e098babc7bf96952b0e324,35.376680064981024,tier0
0x8d5092099a254558a1dfdc2660bb2c13f38f0190,9031.455767996922,tier2
0x2a7399550347fc51d0bbd0fc810cb5e606f1ce68,68.1392151936982,tier0
0x88c770c1ed6c81a09597980f34ae2f341e0fa06e,241.14091505564062,tier1
0x388d4dd6b00ea668153256c0c2103d1ecd7e979d,109.88985780850584,tier1
0x48fad5561681377366d9f268e0e8696b9d92d1fb,47.453403243292385,tier0
0x8d4f6a970046a3e167ba82301be584de97a2f7a3,92.97446395072956,tier0
0x162f5754c7324513b7358acb8bf02593e012ed79,55.616742400966416,tier0
0x2e357b3b20fb30dcda2b4de48a17cc3261403e16,194.03790496605902,tier1
0x2de073bd1728f6674a2569edff12756bff04b0b7,1624.8171926485147,tier2
0xaf07d1ee52e00345e7287296d6d7ca295c0f5a52,184.03155690908778,tier1
0xf88bdcaf403557f88b4e90d25731299b726ee4e4,586.3499855240157,tier1
0x0bb01321dca31fc659a5879b1238d120aa771ba1,40.94718444580318,tier0
0x17f4c1596dd05230ac9cb3128b1aaf342cccd60e,23.833964878702414,tier0
0x529fb742cce33ff536e3f0212fa205d603d7eb3f,21.08769073467383,tier0
0xb3e41eb7d07db920ff959b7932ab1fde9e9c0247,10908.494012343468,tier3
0x6fac39cbfb03c2bc75e20c7e4499396f453e449e,87.28319115209715,tier0
0x5ea3d815e58b551ba7af069adff0f89fbea27228,876.7576678294977,tier1
0xc9b0dfb96735217524c5335c4f28b989d3ecf6ad,289.2888566298982,tier1
0x438d44a54f719c1a8e40ac98b3a5bca29ca802d1,355.3057912614864,tier1
0x0122f83912932a2d3631340168795c42b6716290,47.54996501612585,tier0
0xf01c5b5c46e197fb0ac501d42a93d2d91e803d0a,52.82650835421947,tier0
0x8d6da28790869750898c3201c7cfbb961ec235b2,359.0006726843771,tier1
0x573d249ad64eb576c9c50ae50ad4caa1a70bfbfb,24.57379679025103,tier0
0x6b483a30b671fb5336f31c2707f31c7e2a81888d,277.77307968746265,tier1
0x66ec86208f6646217bf41ffb5be5f7a9898800d7,1258.6625448562081,tier2
0x9733c8b5ab5be59cc2857c808184816ca42b3e82,244.49774415406293,tier1
0x6914a21f5f69a771bb08a6ccf2611c9cea08fdc1,1481.60065264854,tier2
0x7cefe39db82785caca38d8647253b08c9a762bbc,24.591492821259656,tier0
0x53d43e45959a2ea40e8cd7ae7468d3c80f3a6783,135.41427908798948,tier1
0xe48bbcf9282d20ef3eef0c59a6831c203c1ed8c7,9.842435130094422,tier0
0x579275690914b7de8ab91d7467e4b40be8a7f379,68.42621821059822,tier0
0x69a806a91926250fdfe060ecc34bedc7cbdedc3b,357.3108940306031,tier1
0x3ff4671c465a5ef3e17184b5c7f2bd19c95f3cee,409.9629029604996,tier1
0xf799c3b4a407c7b10228f840753c6686cdeec317,95.9454208098885,tier0
0x5c5717033e882aa25fb5f62dbdd02e70e7c2d722,58.15813493849755,tier0
0x183ec2ed7dd6aebeefb2b987ef138bd4f9ee6566,198.28761277304795,tier1
0xc8343b86a8cf7086408fed9390c3b801ed10835e,4565.660573842276,tier2
0x90a02b32d5aaa5e3aac5dea100dfddff648f0252,478.3068995992578,tier1
0x23513a499de11b6d22b086e173845cd9c7caf7ef,65.20517041567587,tier0
0x355317b8ffa784cba6519454f47ba3ab447a3dcf,7039.198277763267,tier2
0x27958301ade76cd80e05e95d798c2df587c20a87,168.2916611771149,tier1
0xeaefe7cf841390fe378b7647e391955f6ed72b93,167.18724633381512,tier1
0xe3964b997f1c7e6dee6ef028d7d2e6bbd3532acc,244.53147445225503,tier1
0x3f4175f10d584154496ddc660ff465119109a71e,0,tier0
0x634dbefda059471bba24ff26b80c2435006c61d9,87.76100387697998,tier0
0x81d5bf45de36cfb8d7881465e9aaa28edb86cf64,35.07532370918544,tier0
0xe0d07d4460b6c6990eb731673124c9840dfce89a,69278.49183038351,tier3
0x41226eda3f09474e5eb832c0e5568be91730d55f,72.43232484389215,tier0
0x84a9fd75ea5e722d6bb369b686e347d1e56e1245,80.85175775329996,tier0
0x3a3758d728acf65740af04942e6848bda39f6651,475.9604978769358,tier1
0xba4a602bf1b9c92b9c141b422aee0b759750f9be,286.83766169665546,tier1
0x67b85a6a6bfad4fe5af29a8e87138595e22e95ae,290.39555843242175,tier1
0xb2b70c224e8b60cdeb3827d73f86b74e55f4f920,72.43831922267765,tier0
0x16e3dd6eeb57864d2aaa74f4fca943e83bb9f581,190.2962526115147,tier1
0xaa21bae7aaf0e60ab863b4894496a0e7712f2e1f,542.0153019690806,tier1
0xa06a93d47280a5c1c72a6c23679b4e1db511fe83,81.93569783902082,tier0
0x96f3e8e4631b9b0989a0d0feb49a359142a033b2,27.498596824283492,tier0
0xbc68bda632f30318e7219cb434666f266ef7b043,95.84038292060654,tier0
0xdb2ad70ffcea80c71fb811d9fc2c481f020981d9,8995.170503644806,tier2
0x166fd8a0d88e31bb0ab107c1d52e6a65bafaa9e8,73.11169444231001,tier0
0x01708eeb83420d567886919ebf74bde53cdc429c,93.79485988888551,tier0
0xc75ac9462583e8e970446c76465ee33ae7ddb841,602.6648446692086,tier1
0x82f5759a5c9d48e96864f988b2187150a9e89f56,302.074477504631,tier1
0x2539196e6c86a48443d927c9266674b1e3ce9d02,299.583682403153,tier1
0xd3bc60a6ab79fa9622f99fa193f8d3adf9413dbe,34.515339312384484,tier0
0x4c64596b9a9d934c47b9b10a834dfb45246363e7,82.49952694043441,tier0
0x73f95725f4c718681c61e0aefc7fceae437d18d3,110.2572664740001,tier1
0xbcbfba85e445a560432b7f0abc249f90a1e9f3cc,118.24243747830866,tier1
0xedf7db5111e3ef7a36cf2f987da6a804feb44814,1564.7044119580912,tier2
0x83d613a7afadee0e1651c9445c495851e8ac6c25,10611.880370280134,tier3
0xe8287b6fef9094cd0ff80e41983d6c653006952a,9.98021676959513,tier0
0x020e4be77f1b38bf6ea496e13e70363915ea5373,1913.777814823849,tier2
0xcfaece576e1638fadf7146d451598d516f3d48b6,983.8565608105159,tier1
0x54999b76f0b03f121805e00fdaa2d2a38f5ac352,120.66996430003157,tier1
0x82ac0c4a5f930333dedd423d8d8a37ff7fba8dd3,1028.825940877967,tier2
0x046fda2d89c2ee96cbdc989ce88f5812b11e00d6,113.51469854388006,tier1
0x77963fb79d66dbee4d3aceb0dabca85e776a9cee,18.214495054442782,tier0
0xef600e0869067c71f8502869db0d061374f0ff0b,1424.230441936926,tier2
0x0a27396f6f25b43d3307b8f270f6e05af19af780,11358.369621093427,tier3
0xd9d3dd56936f90ea4c7677f554dfefd45ef6df0f,616.1590110481602,tier1
0xacd7302bd8dffbec505732851a7402f280c6a26d,103.33259090876037,tier1
0xa4d12e7d9523180252e641f28746e616b7f25fbb,188.8731065970917,tier1
0xce48951694b65a4b61c1c5ca0eb43e75a1d0c2b8,102.45131525788518,tier1
0x437813a532293d557ace695a9e781afdd33391ec,85.6923176389878,tier0
0x880ea83f4ffcf0017ecb1f1b631fbb2359804364,14.2632612198365,tier0
0xfef6c1143d6be41eed5f5dca7672547007a7c3c0,45.93249665259755,tier0
0x4368e6823f52705f0aa85fa8164d3512979ecbd5,45.5466227258972,tier0
0x790bdce7519f74971e24f8619a3b23c9ab0b55a9,28.547424359868614,tier0
0x2e5ee9662a6f4e5ef5c72b99b2e96a3c3aa02bed,89.70362567622094,tier0
0x391690647a78ef4a0203726d3a1098b03e8f0ac4,147.04779115974446,tier1
0x9583bf8c36704e6bf6a1c1c99f02177cccac27a2,0,tier0
0xcf25589cc1baab309e9d2621f8e7d00522699130,55.40586424612163,tier0
0xf1a5a9ba17c6ba9da08b5ce322bf20ff79d1428f,74.01582473955268,tier0
0x2d244f32f1df779271f920ebfd54b8d9b9a2bf4b,79.65908139857633,tier0
0x3cddff463a2955a5634237dea75503fade7f4d62,30.609130876414046,tier0
0x2365d4b7288a24cfad69f81cad2efb828ad68599,69.20078034727688,tier0
0xe0fe58a5b982f5feeb10cafc4c76bc9f9effa81a,9213.449611453134,tier2
0x6ddda8fb41525d7d319780bf788b3a48fdee0563,10.718252645548011,tier0
0xfaac699e876830a2290c151f456a0f0826bfc5cc,80.30849670062368,tier0
0x40bb10e1197b7b7b2e1b3713f5b709da52249a8a,91.53612015573704,tier0
0x5b48ef2e1236eafa8a59bc5ae232dbc477d081b1,585.2957778367035,tier1
0xd51a1045b1847d1e39997d33fa4399640b85d1f6,2521.7555334697195,tier2
0x63c7929394fa988f11d939047cb8e86792246836,138.61332246371654,tier1
0x96f960b4168e97b82e95f59665f849c70089aa1a,201.42522934488272,tier1
0x8b7f6e6d422db7491658d2eda7fdc153842e9aab,29.88157193503524,tier0
0x5b198c7e0c4dd7e5c7285cf3faa163fb84e390f2,499.9156740051228,tier1
0x7ecde2fd913ee7cbe9b570577dedc79f531c6932,25.84648079950563,tier0
0x4481d70433fcf4cf38825dafa8a847e003d84350,84.01545378408957,tier0
0x0682672607683a37439311fc1fe6b5540cef3e51,180.53488798018205,tier1
0xfe22dfe6f5f1fe9d8c6d787c58ace5133aef7637,1427.5031040897402,tier2
0x233a45990fec53a2e2ca07a76e5140b8870a583b,161.9409046221398,tier1
0x7becd70ff760d5284d3750126c535d022ef8b96a,461.39643161106915,tier1
0x0358e71ef256be5cd259fb1e2d2b818375e659be,577.9903333237326,tier1
0x7c385ac5aade62195061504e6ab011abaeec9a5a,177.2355316592297,tier1
0x061c1797136e0e3f6c943543be240b51d06bfb77,121.66534986295126,tier1
0x64457cfac1990e0cde524c82bf3604192b9ad9f6,5109.7431552090375,tier2
0x1bdad819494d64b476ff2cd2f783c3567ce1fd9d,257.9980465359746,tier1
0x513b716f9cd5ea4b1c98892f9e6cb0aab64014d1,4828.10049266405,tier2
0x7e285adf435a1ed30f8ecf7718ec9922c034b835,250.36225863381708,tier1
0x030a7b2e073b50e925e830ca2b96ee45a33fba8d,156.0215419320654,tier1
0x2a7c11bf863f4627495ad867887fb3ecc965f9ee,6048.182909145861,tier2
0x9053e9766492f9e089b8490afa5826e3d435bc6d,229.11345105533132,tier1
0x689c30ecbf063d792c59695465a7327d6013ed6b,40.99777260095298,tier0
0x216aa7a10ff97a2bc2c5a590aa5b746d5421fddb,0,tier0
0xc10585dbe696bd5ae26f1ffa23507630da3f6621,35.666007646843084,tier0
0x9e52adc407a0587eb947a2ca0d739d79e4d7fe84,43.05408353777604,tier0
0x8e37291414b5ef862fb3061f89a153e3de7647e7,1138.4038884971894,tier2
0x8f8ec22a2e02dba8d765d2ef537345f0dc5a9a5a,46.7390234257381,tier0
0x397f81bee5d2789ef6eda72151a75631684334de,340.1708825445511,tier1
0x1345fbc726c3c2b03f3d6f13b00365608d8fdf93,146.28032758828795,tier1
0x81a251cc793b0132c5e5b37c7eafb05418912513,24.970389678199925,tier0
0xe1c93f845c034cebe961dc397ccba2f0c4a16436,34.28798887993041,tier0
0x6a199f2c0bc8296cba13449641089d1a7b420202,263.61559292314695,tier1
0x659082a1b071fe769fd4fc8acc3c056986375081,142.72875391992332,tier1
0x217a099ee8718521d8a7e695e1ce53ba9aa24f60,246.493884342758,tier1
0x189a612f0f645c04f170f47a3a83a0f65c685035,237.39887495218602,tier1
0xce4cdc815b7093d396f628e9b4c0cb197493dd9c,0,tier0
0xd084485883d12ffc6e2ac75a703e684a1076ba75,164.29104196832716,tier1
0x40275d9338b0dad78f4376f8d7e79a14fecedc27,37.85309133316669,tier0
0x5499cb60fbe4864ceb04ba6108cdfbb926438170,23.89433679342387,tier0
0xebd283301870554fb8159801cbbdb103eb7ad94b,263.02622771748406,tier1
0xa528791f1e51e70b38be788b830a69b5c32861ca,144.2474576821806,tier1
0x3cbd3d635ebfc6dc3dc3e3a71e2b36123b66e891,146.376058298412,tier1
0x4751872637486d348928823b95dd9409f263efa5,602.1271504711075,tier1
0xbd89dc4fa20d292b2c3cf01e932dcd4a0cf81eec,59.8817115084738,tier0
0x4c5b3a280e99fcc1569bbe00edf82b08c70e119f,924.3717952259119,tier1
0x266ff2f028c442d1438b0c88950d0ec59b782de6,0,tier0
0x939cb01c24f86652428da2a81eb94cf1e2b676d5,38.824369930422264,tier0
0xbd5d1426954b7b1a9912012da0f5253762163a86,3556.395083916265,tier2
0x3e32aaa25d725f887d9a6178fca7d3dc6262ae48,405.51394729641123,tier1
0x09ee3a3a0e175fde887cd45a2ba056b4c54e124a,304.23580077811897,tier1
0x68d11224763c5807a61cfe5abbdf1993774d5662,59.384710214579385,tier0
0xb68f2cc7ca88fedd16758a5033ece8ffb5515024,304.96275272431217,tier1
0xbabc7edb3a6a374e487fd83a09cb66e5d942624b,-23.876975718654464,tier0
0xcf2d3345e2812afa3a002f2dac636e13e610668c,23.94176052212374,tier0
0x9cf95dd355721daf2ec8beef13231073ef81093c,485.09775357797974,tier1
0xbf68456e92eab79a7d03368e18cd1a1ab7d84b22,13.827263183154026,tier0
0x793d8947416722b8f359c4ead515962e12c7d594,370.5105965106081,tier1
0x24f10cd201904ba647d9918a353966f80dde20bc,69.22465697779414,tier0
0x6fab6efa5c9b0a1ea4c28ef037021cd3b86d3bd8,3.5273509927366162,tier0
0xcd7a312fad7743373202968559876edeff66fe1c,707.5861033698918,tier1
0x2f973599855210de5fc8c1dd9bd2c081779a6385,120.45272077132957,tier1
0xad0aabedc57b543c290fe3628c9cbd1f2d38cebc,1039.9022610200493,tier2
0x9ace5bc66e64b30bbb5a3cb8326a17eb147022d2,915.607180932417,tier1
0xebde5a8b56a65fa2627dae4341dbb3896cd68e34,213.87510642945793,tier1
0x2a8ea5210241dd709fdc85ecea70a7005096ac35,39.90505422703419,tier0
0x4715054819a444788603a75d538d07118486d917,70.74577642661005,tier0
0xab46e5427fd44b01383f88dc09f5c726c4fc6801,1377.6501154498485,tier2
0x8f5d4bd8023c1ee52ed2bdc79ee77c675db02371,66.93923440644167,tier0
0xc1d5f2c08a9e7deffe2ebaba2d7fe55365de0970,51.23103199517159,tier0
0x6254fb74456acec4efd5a84970e4d4be07922b50,113.89354019752507,tier1
0x993f4fedcdd2c9563b5f0472eff1c47cecfb0cb9,29.096395337669165,tier0
0x549bc2333d24f9676368837d56290ffdfd05765a,248.36460529628175,tier1
0xba58d5513df06df6aff6794b9479bb126c9a0b83,116.62475276125414,tier1
0x42da8de2f1a0c76f80ee2349f3c9dba590b73fbb,240.40947440656694,tier1
0x0947d44690bbe68bfa86c81783e071f8e578fbee,529.9871990328144,tier1
0xd3e5931ef925f6a683b6758a6218cd2dad938471,449.7627799641703,tier1
0x36c87e3ba48fc3249693fb3f0f1a5da9bd28ea1e,14.282634442665447,tier0
0x7e69aa5c7a4a9f7e37594c3da71a918c218ea401,28.518110686891912,tier0
0xb187bf20ec6a700a9299be9e0fb606e39700e120,50.60529059014227,tier0
0xce976be69d24253f81f31bbeca2fd24e05a87e42,210.39723349940505,tier1
0x42781603b3243013ec60794183cab370be011a80,38.48173139332264,tier0
0x423aad4cc4b50fd10886c8eb8522428f0b934766,109.8786533475338,tier1
0xb08c0a4e25a9ec3ff0cd8778a7446911b2cbd4f0,718.5805382222169,tier1
0x09897601992a59fb87ffad95819bdbede0ff05f2,19.013797066181805,tier0
0xe7e5dc607fcef11119d8fee47fc2451c79d3e9bc,59.829534149288705,tier0
0x98bc125c4cfe77178dc9a5f8554ad2869535e393,1144.2623820812914,tier2
0x6540efa20d5cdda6eda881c18c9199c51634ef78,57.613452340702416,tier0
0xc3ab79bf8e8a924972379731d2e58c96e32011ff,90.00305799227324,tier0
0x8ef4428b6f255359ff3b0ccae4e54c576c660173,97.16406465007061,tier0
0x341b22560471cce81dd1b7f27c7e211feba13a10,46.06307329781556,tier0
0x342e5ce7ace929be685d1a80757749762063c618,41.76460555310629,tier0
0x7310eab7211af4bec93a442f0e674723681c2d25,223.85837950900546,tier1
0x39571c66a7ea7b565f1a062e83bd02047db4987d,3677.651379651343,tier2
0xc0a604f2099dcda1724253608b22a181625eb8c6,187.33506661508767,tier1
0x9d49304989c51f0cf2baeddd3a6cb3a0e1b92172,87.01653898668972,tier0
0xfd2e926d80c70ab97fc0f60e953daf46ec651ef3,10.79761714552971,tier0
0x2abf8d19c46399024b994193b748d810e45f7011,1206.127150718012,tier2
0x5288c85b1b24bf8ed0fd445715d6aabf63cf0a0b,355.8411481183169,tier1
0x57077cf0fef9b5471b18cd371a7ec916462fb38e,79.1123160214312,tier0
0xe103514791107978c918554528573e21e0fff25e,58.50616640363288,tier0
0x88271e8e3a4f4cd680f109fb16fbe10e726e800e,408.22240416989825,tier1
0xce23850891f3da6c680984328d877d9998ed5b44,142.6418017390596,tier1
0x3f4daf2e7ba6ba7da6666dab13863a145c993b7f,43.14276943959868,tier0
0xabfb99642c03cf81e0fd5c9310679cbe7b3249e1,31.995379755570735,tier0
0xbf1b031752819219fe48702484cef9e177c77572,40.10076123870738,tier0
0x07e91afcd37fa52fcb7a16ef25f13ad9377750d4,77.7269225522888,tier0
0xe8213977598806cce55237531805d62aa05451f7,147.99809732604515,tier1
0xd23391864607ec85b94d1d110c3a5c4d724354ac,453.68891883876455,tier1
0x34dc823d17e5fc75ad7b71351c51d5352e54fac5,88.62685346116939,tier0
0xe31d022be2f6b2055b223c69e99d50b17055a889,0,tier0
0x54852a6d9585266ade94c46da26417b31eba4b11,125.22043749828177,tier1
0x22c49aa1d539b8fd738b7fd33a256b212f03c012,1731.3051256902654,tier2
0x945ad94a47185b901b938a019cb49af7a72bb92b,164.89946737726052,tier1
0xc241cff8a9f49dac16d5c348be4d4bbf569c20df,131.90138930958352,tier1
0xe7fc6e877e67e3c3cc6509f9d09be271d75555e6,193.44396162335607,tier1
0x3abdc40eecfeb351afed1e8f86f544eb3b728520,9.445435208241303,tier0
0xf4551db9b02773306271a429cdf1f11beb1a0a06,27.00816086552766,tier0
0xb946e9082fe29e642151c7a7a452967153a53135,41.8706823009078,tier0
0x2e44e0610ca492328f1caba35b1dc49f0a9ad1ee,205.82212456506196,tier1
0x2c2068398d73b9a624d0d9cf8caee565b174ec1f,12.428717107053822,tier0
0x2af5bd24bf84ca7949587a93ef0d625c2832d368,313.1431513876623,tier1
0xa8c3b59e34180b9a2b1c7f7ea8b3fc128d3feb35,168.99398847608683,tier1
0xfe91add48777b43b6897da3659b51c98314f363d,166.25235996657713,tier1
0xc2ce75289c12ca5c9afe4105546ac2c3329ee32b,23.948144819381305,tier0
0xbb53563cfb13f43f20ad6eea10cf24fcb5b88c1e,7015.014515516637,tier2
0x388daac46037d523877de32b17303bcf4fb0cc14,57.60395062416774,tier0
0x39b946e35b3dc215455cc95b446edd8368928d10,1204.4075103358387,tier2
0xa24335a56f42f08a1b82330a5c7470465a88644a,4444.307003633305,tier2
0xfdac6df7911de7c82ca6105f4f61c5df931aad9d,748.9527671702514,tier1
0x8b37bde27d8cf3b64b85eb0b181ddf12a22234f3,75.5625256123538,tier0
0x4d6f345378dcc9f1390294854a6d01821829228c,281.7040979065966,tier1
0xc1430d5e070ac88f9076cf5e4b8392fcee79e7ce,293.23411922771174,tier1
0x8ca44f779cb197d18930824689b2f61fe018c9ae,1111.2295496822417,tier2
0x48b576d0d8405581eb967747f781fee0dc71145d,154.0494815895117,tier1
0xa22ceada9e6025a62eb5c11817a2b48008b90495,239.68687966370143,tier1
0xe945393a65cc3f27d10fa3d9e318a1a3a2d63c1f,24.25919031774683,tier0
0xfe0ff2adba52bdef958d0219852a66f775422724,72.68251883384212,tier0
0x0a7142162851be15807cbc29fb878ed51d4057a1,1072.0396552302373,tier2
0x3b82d71aa86f39d7c1b9cbe6d0400876318cb975,24.10624247685423,tier0
0x2b111d8b0e0d79a953760ccab8747d9c491c240f,77.71631098435049,tier0
0x2770e2eeb1929d4596bd1127891b0b3c2ee478d8,64.12104651985614,tier0
0x77ec487ae74d1dbd6b4f58699b389f2aab405424,190.13929071965606,tier1
0x44a40187b36d2797cf4b5ee9fb98c581abfd65d7,2544.4777336323223,tier2
0x27ed5f5724a151eb8c0a04416d8b43fcf4e0796a,23.464683519761305,tier0
0xfac9071f72179bc2b7950ebc0787ab4204172a7d,156.61561472529044,tier1
0xac48c07945f1134309f8800d2ea8c25c6fe47217,5.06822610991836,tier0
0xf1c0303faae523c1c9e703454230cbd6e5225f7d,6.801753495726627,tier0
0xb2450afd4a496288aa15031d499bfa940e053df2,351.93473538194144,tier1
0x8d683d44bf45a8485b1a96832508ffa31018cf9a,47.808524233808946,tier0
0x99df49e46ec06f65f30fb00ca7874996b39bf4d1,370.3738226325741,tier1
0xf7b71c728ac86c00c18cf19776b031e1e0b67ff5,7.205673476076362,tier0
0xc82e3fd25f2189c2cb41d31742ca8b1c5e47c8c1,930.147031031341,tier1
0x04e22a3f693c91ca963755c315642c9794870c64,222.21366169004375,tier1
0xf079f43ee88620707a2eb36f7a30f11838428b1d,1620.9909624574593,tier2
0x4738771a6dc6792e164974cf4b94c37c390a5a0c,132.17793829283983,tier1
0xc3d7d5f98b266646b941b3c41bf30899706981e5,40.507960752814874,tier0
0x1b412faaa1df4dcc52bed71495129256b1ec5794,211.94075849529105,tier1
0x10722d8c2eb854821c94183b1d8f2745e557249f,13.897113672417383,tier0
0x87072034175f8a81fbbb6885b041454326861bde,912.6736560055134,tier1
0x8e43118a132cb30b1bbedc32090cda2a79ad913d,11.26231378441209,tier0
0x566d7200ceb3f275144ca610648111a541174635,32.14411370474717,tier0
0x4c9510658066bf7f8604540467903aa3e5c5c344,47.61732050929285,tier0
0xba4cd3b6ec5ab6f2181db6aa7ec2f4df3a5df908,873.2504882172783,tier1
0x9bcecd221c6f26d32a8684ea21fe21b5b777bbe3,9.949662709911777,tier0
0xb29643c921490351de2629405a6ff2d9a32502a9,585.1123165551461,tier1
0xc3d86f8a33b0f64ccec7d3a8151560e26b98a32b,42.42308082479492,tier0
0xce5c2e9c76faa6d9e236661df4721ef925cded4e,28.144966543656313,tier0
0xe0f4d023b239ade2c0254ae0bb7095f1352a7f5d,120.73152380878864,tier1
0x648985ee050505c17ae32811b2307f230e229bdf,696.7635776056043,tier1
0x4d4c3c7b8969e3c8b486d2e22cc017bed0771439,456.2737689049209,tier1
0x8eb2eb7f6e73f4345fbfc645972793f78ca81284,51.0166627742913,tier0
0x93e8409b07721e2ac43792517f91c0d4cdb16071,32.66710695193618,tier0
0x30a073f9fa6a37c7520cc8b645c4adc4e85f7637,34.1627700881653,tier0
0x8b5ec0f5a618c960124ab8ea96ec21c2147bb142,81.56936129866067,tier0
0xf86a9dca9ec3347386d237297e67a59926470132,16.010706826863625,tier0
0xae8136e7c875df07e887e59222f0ae433971a4df,30135.693519997392,tier3
0x9661e09523f3da2a978115fd2902bcd316bbe1bd,119.85952725329885,tier1
0xbadb517a9343f6c8239e630298f5330a53a9afac,74.54392609952252,tier0
0x2c1a8b358bf10cca3c7ed5e14ff2deca16aa7849,442.498948129088,tier1
0x73c40f934307b8b08142936e422c5edd73c77079,23.97330221456136,tier0
0xe4cb4923bbeec8391d56502404c045b4c05668fc,602.5253266570624,tier1
0xc76cd240dee8cc138a93d01f5cbaaecb450e74a9,26.939507010140858,tier0
0x1cf488553a5691761424dbe995a8a8336ea4e975,8932.70462439737,tier2
0x9d39b4cefd140807ffb4854ede218a47db73648b,14.368242579979862,tier0
0xc0b7db090bb62a48428a94bd82d995d45aa19f25,181.1122955253268,tier1
0x85034aee1c2a367b7b22707e2574f9c35d0ac0ab,28.822485746901666,tier0
0xdb6c5e692756b8992c647f412baa0f73ef331858,24.425252075078046,tier0
0x35335cee82becb7844492566c3e596261795c0bc,25.882218183446362,tier0
0x4469ca11d9376424324b186a48e100a0b64afa41,3227.7597649590366,tier2
0xc09caea646136c5d56aed951a8f2c98582c327ce,94.91097987981355,tier0
0x0c1a500277017a7a01a4ae67f7baca8203225c71,22.241337636452872,tier0
0xa72fb532a95770b3da91541963f11601ac43ce8b,133.5467990982355,tier1
0x06ccc6ab79d71fb8b3863339bc6ee6fb7887f2e0,91.40038429250411,tier0
0x2a116f8ecb09a98b662bd88060e1807b5c929d78,333.25896954726596,tier1
0xe5ae67e84d5a4a2f3cba29ce568694e92c36a701,44.202506375747916,tier0
0x6214d1374e9a25da796b8ffd1938610b81002199,99.11175695635417,tier0
0xc815cdddef7b33df4144a6455d842801bf581f5a,203.4199607647674,tier1
0xfbb211f82f486677aa8d8bf2f9923e218116e5da,475.18518458974165,tier1
0xb9a9479f2fa34394d2dc16573ce12fb7e79dc2aa,12.480108843796591,tier0
0xfc4171a80c194af9dd24c2c99f227ebc91e97e11,15.819337733524147,tier0
0xc3f1177f77ce7ecd73a47a20e5f76a2bc83b9804,125.67480376854432,tier1
0x37414ecd2dbb8a4b42e02d5cba236410566f6252,213.94327008440396,tier1
0xef74b4eed2909efb2a201c33e8d9c2af073f45f4,58.47485926493455,tier0
0x01af3231417c138d30024b81a1f13e35c7004333,23.786635525941843,tier0
0xa73e23403628a41612c57e2d4d95692961b80416,59.055567436799215,tier0
0x69669c894065d72315b7b6ba15f14928385f28f0,30.14305560152441,tier0
0xb3cf2fef2cc938d40a4efa6c172958a64975b8c2,34.11637653973769,tier0
0xe113361d834b88ef11c42b4eb9e285e6920d38e4,783.1259141520845,tier1
0x24b0d654496018ace0d714d6455e9f8cc886de4c,441.1772041799253,tier1
0xc82d6aaf4bf8be0f16cdf6a3194071fcee92599f,37.17735297858432,tier0
0x28bf431feef9ef3cdb9182f8f0ba680855fcd355,47.396907250767555,tier0
0x03cd93f0f06253a6a8727ece642da8b793fc4654,80.32206104220299,tier0
0xecd9c2982c90306e49e727d9d785ee34f54e60f9,212.77498225625658,tier1
0x151bf653abc3ffe9d5f31afb4262d4b167435422,14.356049522003858,tier0
0xb2da4f28511715c269b0db08cb7f4be2d9e1eb1e,57.95028959001878,tier0
0xcf726609595d2e85afd0010c0dadcbb30c63d79a,115.32884805234004,tier1
0x49f97db6781110e7e74ba5b2ed814222c4423ac5,149.0758212555497,tier1
0x1cc0fd3fd5d01df0a246619f035f57018c2ee787,276.20526150518936,tier1
0x23c205899f525d49cfa3e4410b427304128509c1,95.26138038592832,tier0
0x35ffaf598e7dff3c47dcaaa0d7a0780f77c0971e,72.08817339901466,tier0
0xcb6b2752af48517f1e16d212e47fd4eb5f78d9d0,79.58271149656633,tier0
0x29c64b322a306947b807a704cc4286e41155d708,190.14038755368875,tier1
0x4109a63bc4b2bc8da4485900365127a096e5bb40,29.972417274058962,tier0
0xffb3a67e758398614e572b2c9a30e049ec25e7ab,532.6276245946265,tier1
0xac4d08b917816265c3f2304be9ae9c7cb848dbf3,5.043602306415527,tier0
0x3bfbec1db11690d89d27eb26c520687f362c1403,410.3462248798401,tier1
0x9a1dee96b29ece0127e7eefbfaf0ff5f7cb5a9d4,594.8572022796527,tier1
0x4a641c1c9faa8f1ad884e7f8e2f337280597d4b4,87.04460226886916,tier0
0x5b0c8083556fedb1f74fa408ca02cafdc74ba7dd,77235.40184058476,tier3
0xbe23e2907b75856beb8f527d19a5d5e71443f549,72.14843695617618,tier0
0x525dbc20ed97d72bf7a920d51261fb7982e0f74d,16.501993012791615,tier0
0x768dc6aca560aa42e378ee45d17b14c602a95bfa,110.80921240318476,tier1
0x70cf20c911e3c547d5f1af394c90acd0dc12f186,1795.9557107842681,tier2
0x8f43af563410729bc027deb3e613730b086a55ab,301.637314654312,tier1
0x7f1a37f12d18767411fc40bc03a9fc5f26acf0ca,85.3332614249181,tier0
0x1af2f5d89d721f4559787f2620a577262016fd9b,1442.6827862950774,tier2
0x12e5513b11240b7a4adb27f52b36e785e18cfde0,700.1729374607264,tier1
0xed943752a70d2ee251c59430590dd6f3e814dfa3,87.000461448801,tier0
0x628f6de73595bcf7c8743d143a639d889b48a76f,26.398757466337035,tier0
0x136b4fd8c429d4f7cd7980f632a707bf5ca765ef,43.98616429998332,tier0
0x01b5910f55e77076d69f7dee6841b81421ae979d,27.33523110911089,tier0
0xaaa9df3849a9fb9038c50692383201ba31281dc3,19.407524324556263,tier0
0x938c9ec4be0ea7305fd2cb5e85149b5e540503eb,895.5208578452646,tier1
0x029ebd8a6116b243cb7fc8c9958b95322c2b8e8e,29.26606519684311,tier0
0xcd4a50c00f0bb992aa96ab375388a5bd4c251080,583.9894650165376,tier1
0x2d1c1950bc13776a2b3fee8e73b739e6b6b540cc,64.18773583701228,tier0
0x00065e15de08f1e04145a5bdeaa6b5a47402ac4b,157.97827190971591,tier1
0x19a53bd9c348a228a533e9fa7643bde3288a9e5d,30.700710009458763,tier0
0xb30737ada18a4436321b3c26817c5b0a54ad1e34,30.5468563765051,tier0
0x79b1afedc1546ca9b188fcef040613f20bafdb68,191.9290072255224,tier1
0x371d5ca9cc0a3fd3ddccd027e176464f82f80f1e,45.54752140661674,tier0
0x3cfae2fbbe6f8dfec0fd7a4aa36c96595cbb1c80,44.560513245082596,tier0
0x07d00d1e6c6932565014a6fd730677ae23b82dba,70.0799139174456,tier0
0x61616605805bbd7ec5850a595a6c03fc3a91728c,321.4598214344219,tier1
0xb2584ee5d96fb39c0ea42d08be077197e7e645c9,183.6026782895272,tier1
0x03ebafd425027dfaa38b5ad0fa8ccefc9daff966,48.609968928910526,tier0
0x34022d11959bf45d7e0370d47c6eeb72efe3576d,20.904973251228082,tier0
0xca58e813c3e7ac87d87814fb1c9b8c71cf7eb853,20.894091452311603,tier0
0xe1dfffaf558e767efa98839a42bccf8d164ddfd5,36.91031981401456,tier0
0x6399a1efa099a293b30b2be64acdaffc02388c39,206.73365330918324,tier1
0x6d9e6e8dc97dec6ac8c5804fbaf4f7386c79971e,550.8945352984613,tier1
0xa362c447a00415ca58d5a53c47dafb5625035b37,42.82451460782681,tier0
0xf06c4af334f6e9dc0121fdc6caf774926a6df7f7,245.79009596442953,tier1
0x459d1b7837d129290c57a7a66ec9e9b2ea37d7c3,24.46986670334209,tier0
0x11a96ddd7f754267a4241bf2c2ec574c41b766bf,495.8256002669711,tier1
